日期,开盘,收盘,最高,最低,成交量,成交额,振幅,涨跌幅,涨跌额,换手率
2023-01-03,0.54,0.551,0.554,0.528,9498945,514947676.145,4.77,1.1,0.006,9.28
2023-01-04,0.56,0.575,0.575,0.556,12072821,685279720.123,3.45,4.36,0.024,11.8
2023-01-05,0.595,0.583,0.599,0.582,10212571,601292710.641,2.96,1.39,0.008,9.98
2023-01-06,0.591,0.574,0.592,0.57,8085873,470515537.207,3.77,-1.54,-0.009,7.9
2023-01-09,0.581,0.586,0.59,0.576,6711287,392053525.712,2.44,2.09,0.012,6.56
2023-01-10,0.583,0.583,0.586,0.575,5683443,330100880.466,1.88,-0.51,-0.003,5.55
2023-01-11,0.588,0.583,0.595,0.582,7016963,414013742.81,2.23,0.0,0.0,6.86
2023-01-12,0.585,0.569,0.587,0.565,8284918,477313153.83,3.77,-2.4,-0.014,8.1
2023-01-13,0.572,0.576,0.576,0.566,5824330,332699268.66,1.76,1.23,0.007,5.69
2023-01-16,0.58,0.568,0.582,0.566,7635167,438663428.116,2.78,-1.39,-0.008,7.46
2023-01-17,0.57,0.571,0.581,0.567,6490858,371930926.007,2.46,0.53,0.003,6.34
2023-01-18,0.571,0.574,0.579,0.567,6396088,367333788.246,2.1,0.53,0.003,6.25
2023-01-19,0.569,0.57,0.573,0.564,5410070,307904548.121,1.57,-0.7,-0.004,5.29
2023-01-20,0.574,0.581,0.584,0.574,4943073,285723463.4,1.75,1.93,0.011,4.83
2023-01-30,0.605,0.585,0.608,0.584,8648102,515461812.098,4.13,0.69,0.004,8.45
2023-01-31,0.585,0.57,0.59,0.569,6315154,365421410.99,3.59,-2.56,-0.015,6.17
2023-02-01,0.579,0.593,0.595,0.575,7527531,439039950.249,3.51,4.04,0.023,7.36
2023-02-02,0.602,0.598,0.605,0.594,6675605,400784467.5,1.85,0.84,0.005,6.52
2023-02-03,0.59,0.589,0.594,0.581,6092610,356854173.381,2.17,-1.51,-0.009,5.95
2023-02-06,0.576,0.569,0.578,0.566,7095141,405222898.506,2.04,-3.4,-0.02,6.93
2023-02-07,0.572,0.576,0.584,0.571,6426966,371219615.675,2.28,1.23,0.007,6.28
2023-02-08,0.576,0.566,0.578,0.564,6829733,388088037.405,2.43,-1.74,-0.01,6.67
2023-02-09,0.56,0.581,0.582,0.558,10702678,612785663.7,4.24,2.65,0.015,10.46
2023-02-10,0.576,0.561,0.578,0.56,8706994,494135370.962,3.1,-3.44,-0.02,8.51
2023-02-13,0.555,0.561,0.565,0.551,6666948,372520348.794,2.5,0.0,0.0,6.52
2023-02-14,0.564,0.558,0.565,0.557,4123422,231032905.477,1.43,-0.53,-0.003,4.03
2023-02-15,0.559,0.554,0.562,0.549,5614534,311304399.658,2.33,-0.72,-0.004,5.49
2023-02-16,0.559,0.563,0.575,0.558,10234071,580705576.753,3.07,1.62,0.009,10.0
2023-02-17,0.562,0.552,0.568,0.552,6253199,349736180.08,2.84,-1.95,-0.011,6.11
2023-02-20,0.551,0.56,0.561,0.546,7207591,399217684.308,2.72,1.45,0.008,7.04
2023-02-21,0.555,0.545,0.558,0.542,8423354,462685152.6,2.86,-2.68,-0.015,8.23
2023-02-22,0.538,0.535,0.542,0.532,7563217,405809765.08,1.83,-1.83,-0.01,7.39
2023-02-23,0.535,0.539,0.545,0.534,8005299,431736002.626,2.06,0.75,0.004,7.82
2023-02-24,0.535,0.529,0.538,0.527,9024938,479861554.7,2.04,-1.86,-0.01,8.82
2023-02-27,0.522,0.521,0.53,0.519,8343477,437968645.84,2.08,-1.51,-0.008,8.15
2023-02-28,0.526,0.518,0.529,0.514,7314451,381910795.148,2.88,-0.58,-0.003,7.15
2023-03-01,0.519,0.543,0.544,0.518,12211394,650595906.08,5.02,4.83,0.025,11.93
2023-03-02,0.535,0.535,0.539,0.532,8640135,463005805.4,1.29,-1.47,-0.008,8.44
2023-03-03,0.547,0.55,0.552,0.54,8811139,481254412.129,2.24,2.8,0.015,8.61
2023-03-06,0.545,0.547,0.55,0.54,7723205,421021050.8,1.82,-0.55,-0.003,7.55
2023-03-07,0.544,0.535,0.555,0.533,10325074,562513786.1,4.02,-2.19,-0.012,10.09
2023-03-08,0.529,0.524,0.53,0.521,9401440,493411547.0,1.68,-2.06,-0.011,9.19
2023-03-09,0.525,0.524,0.528,0.521,4945752,259367247.366,1.34,0.0,0.0,4.83
2023-03-10,0.511,0.498,0.512,0.498,8600570,433562922.732,2.67,-4.96,-0.026,8.4
2023-03-13,0.502,0.507,0.514,0.501,9900478,502541187.607,2.61,1.81,0.009,9.67
2023-03-14,0.503,0.496,0.508,0.493,8129963,406882820.0,2.96,-2.17,-0.011,7.94
2023-03-15,0.505,0.501,0.511,0.5,6766851,342167446.064,2.22,1.01,0.005,6.61
2023-03-16,0.496,0.496,0.507,0.495,8094130,405345728.226,2.4,-1.0,-0.005,7.91
2023-03-17,0.507,0.512,0.516,0.505,10059546,513381266.5,2.22,3.23,0.016,9.83
2023-03-20,0.513,0.5,0.515,0.498,6698266,338605599.6,3.32,-2.34,-0.012,6.55
2023-03-21,0.507,0.511,0.511,0.503,6740071,342031122.393,1.6,2.2,0.011,6.59
2023-03-22,0.519,0.52,0.527,0.518,7605532,397417806.9,1.76,1.76,0.009,7.43
2023-03-23,0.517,0.535,0.535,0.516,9460593,497564793.876,3.65,2.88,0.015,9.25
2023-03-24,0.537,0.54,0.552,0.535,9892648,538035782.7,3.18,0.93,0.005,9.67
2023-03-27,0.543,0.537,0.544,0.529,10780803,577786526.266,2.78,-0.56,-0.003,10.54
2023-03-28,0.537,0.536,0.541,0.53,7550413,404239323.735,2.05,-0.19,-0.001,7.38
2023-03-29,0.56,0.554,0.561,0.549,15788335,876109762.715,2.24,3.36,0.018,15.43
2023-03-30,0.556,0.554,0.561,0.548,6922069,383498710.1,2.35,0.0,0.0,6.76
2023-03-31,0.564,0.557,0.565,0.554,6611488,370049219.212,1.99,0.54,0.003,6.46
2023-04-03,0.556,0.556,0.559,0.551,5904509,327830380.164,1.44,-0.18,-0.001,5.77
2023-04-04,0.554,0.551,0.555,0.546,6515880,357495760.5,1.62,-0.9,-0.005,6.37
2023-04-06,0.542,0.544,0.549,0.541,5544276,301981760.6,1.45,-1.27,-0.007,5.42
2023-04-07,0.55,0.553,0.554,0.55,1911907,105593283.7,0.74,1.65,0.009,1.87
2023-04-10,0.554,0.553,0.555,0.552,1382889,76530055.759,0.54,0.0,0.0,1.35
2023-04-11,0.555,0.548,0.56,0.544,5971799,329941397.2,2.89,-0.9,-0.005,5.84
2023-04-12,0.55,0.542,0.552,0.54,3712725,202563028.73,2.19,-1.09,-0.006,3.63
2023-04-13,0.53,0.533,0.538,0.528,6990036,372228771.03,1.85,-1.66,-0.009,6.83
2023-04-14,0.54,0.537,0.543,0.532,6245072,335637739.264,2.06,0.75,0.004,6.1
2023-04-17,0.534,0.551,0.551,0.534,8672899,471407648.126,3.17,2.61,0.014,8.48
2023-04-18,0.548,0.545,0.551,0.543,6826363,373144177.844,1.45,-1.09,-0.006,6.67
2023-04-19,0.545,0.537,0.546,0.535,3705423,199834822.743,2.02,-1.47,-0.008,3.62
2023-04-20,0.535,0.534,0.538,0.533,4383263,234623605.6,0.93,-0.56,-0.003,4.28
2023-04-21,0.531,0.518,0.532,0.518,5346691,280852120.2,2.62,-3.0,-0.016,5.22
2023-04-24,0.519,0.511,0.523,0.51,5644750,291672928.0,2.51,-1.35,-0.007,5.52
2023-04-25,0.513,0.5,0.514,0.496,6462743,324044884.0,3.52,-2.15,-0.011,6.32
2023-04-26,0.497,0.508,0.513,0.497,7433858,376477423.3,3.2,1.6,0.008,7.26
2023-04-27,0.506,0.504,0.507,0.501,4735358,238720097.0,1.18,-0.79,-0.004,4.63
2023-04-28,0.508,0.514,0.517,0.508,4518334,231646231.984,1.79,1.98,0.01,4.42
2023-05-04,0.506,0.504,0.51,0.501,5354654,270441310.6,1.75,-1.95,-0.01,5.23
2023-05-05,0.511,0.51,0.516,0.507,6112737,312443883.28,1.79,1.19,0.006,5.97
2023-05-08,0.512,0.512,0.516,0.508,4734308,242090931.212,1.57,0.39,0.002,4.63
2023-05-09,0.511,0.499,0.512,0.499,6594846,333125539.829,2.54,-2.54,-0.013,6.44
2023-05-10,0.5,0.502,0.502,0.494,5436837,271035524.9,1.6,0.6,0.003,5.31
2023-05-11,0.508,0.501,0.51,0.5,4739733,239889815.593,1.99,-0.2,-0.001,4.63
2023-05-12,0.513,0.508,0.516,0.507,6385064,326769646.987,1.8,1.4,0.007,6.24
2023-05-15,0.505,0.515,0.519,0.504,6309250,322848768.226,2.95,1.38,0.007,6.17
2023-05-16,0.523,0.519,0.524,0.517,3368744,175316267.119,1.36,0.78,0.004,3.29
2023-05-17,0.522,0.517,0.524,0.516,3353811,174479350.558,1.54,-0.39,-0.002,3.28
2023-05-18,0.518,0.517,0.523,0.515,5184975,269005776.05,1.55,0.0,0.0,5.07
2023-05-19,0.513,0.511,0.515,0.509,4388574,224519890.0,1.16,-1.16,-0.006,4.29
2023-05-22,0.511,0.521,0.522,0.508,6084484,314423518.732,2.74,1.96,0.01,5.95
2023-05-23,0.521,0.512,0.525,0.511,4250150,220678762.3,2.69,-1.73,-0.009,4.15
2023-05-24,0.508,0.505,0.51,0.504,5057226,256163026.3,1.17,-1.37,-0.007,4.94
2023-05-25,0.499,0.494,0.503,0.488,6507683,322184313.19,2.97,-2.18,-0.011,6.36
2023-05-26,0.49,0.492,0.492,0.487,1446675,70836377.6,1.01,-0.4,-0.002,1.41
2023-05-29,0.499,0.49,0.501,0.487,5161524,254668607.822,2.85,-0.41,-0.002,5.04
2023-05-30,0.491,0.496,0.497,0.488,5329326,262430064.29,1.84,1.22,0.006,5.21
2023-05-31,0.49,0.482,0.491,0.48,5596828,271555623.4,2.22,-2.82,-0.014,5.47
2023-06-01,0.485,0.488,0.498,0.484,8846871,436020572.07,2.9,1.24,0.006,8.65
2023-06-02,0.499,0.511,0.513,0.498,7011769,354194868.7,3.07,4.71,0.023,6.85
2023-06-05,0.509,0.512,0.515,0.507,5135834,262769720.011,1.57,0.2,0.001,5.02
2023-06-06,0.513,0.51,0.522,0.509,8134805,420375526.586,2.54,-0.39,-0.002,7.95
2023-06-07,0.522,0.524,0.525,0.519,5454245,285018746.475,1.18,2.75,0.014,5.33
2023-06-08,0.523,0.52,0.524,0.516,5565935,289081700.7,1.53,-0.76,-0.004,5.44
2023-06-09,0.524,0.528,0.528,0.517,5815665,304344716.7,2.12,1.54,0.008,5.68
2023-06-12,0.528,0.528,0.53,0.522,4863238,255885493.499,1.52,0.0,0.0,4.75
2023-06-13,0.527,0.541,0.546,0.527,8983317,483819040.3,3.6,2.46,0.013,8.78
2023-06-14,0.545,0.542,0.553,0.542,6698549,366924845.4,2.03,0.18,0.001,6.55
2023-06-15,0.553,0.558,0.559,0.552,9782182,543355122.6,1.29,2.95,0.016,9.56
2023-06-16,0.564,0.566,0.57,0.56,13100393,740388669.0,1.79,1.43,0.008,12.8
2023-06-19,0.563,0.557,0.565,0.551,7102269,395494483.012,2.47,-1.59,-0.009,6.94
2023-06-20,0.56,0.548,0.562,0.546,5367135,296266268.338,2.87,-1.62,-0.009,5.24
2023-06-21,0.538,0.535,0.542,0.534,5130092,276058988.2,1.46,-2.37,-0.013,5.01
2023-06-26,0.523,0.526,0.531,0.521,5780472,303921162.628,1.87,-1.68,-0.009,5.65
2023-06-27,0.527,0.538,0.539,0.527,5612794,300213968.5,2.28,2.28,0.012,5.48
2023-06-28,0.537,0.542,0.542,0.531,5543000,297826360.6,2.04,0.74,0.004,5.42
2023-06-29,0.541,0.535,0.542,0.533,5806603,311585570.4,1.66,-1.29,-0.007,5.67
2023-06-30,0.532,0.532,0.537,0.53,5714013,304802908.14,1.31,-0.56,-0.003,5.58
2023-07-03,0.536,0.55,0.55,0.535,10749199,586236328.716,2.82,3.38,0.018,10.5
2023-07-04,0.548,0.55,0.555,0.544,5917255,325466802.7,2.0,0.0,0.0,5.78
2023-07-05,0.55,0.544,0.553,0.542,3831693,209261520.837,2.0,-1.09,-0.006,3.74
2023-07-06,0.541,0.535,0.55,0.532,5962538,322440878.3,3.31,-1.65,-0.009,5.83
2023-07-07,0.532,0.53,0.537,0.524,6600638,350204773.23,2.43,-0.93,-0.005,6.45
2023-07-10,0.541,0.534,0.544,0.532,5097853,274102527.198,2.26,0.75,0.004,4.98
2023-07-11,0.544,0.543,0.547,0.538,4826133,261844358.518,1.69,1.69,0.009,4.72
2023-07-12,0.546,0.548,0.554,0.544,5801815,319295111.1,1.84,0.92,0.005,5.67
2023-07-13,0.56,0.567,0.569,0.56,7246574,409868839.635,1.64,3.47,0.019,7.08
2023-07-14,0.573,0.565,0.575,0.563,6200678,351853708.1,2.12,-0.35,-0.002,6.06
2023-07-17,0.561,0.558,0.563,0.555,1276798,71254158.444,1.42,-1.24,-0.007,1.25
2023-07-18,0.565,0.556,0.565,0.555,4022134,224606489.5,1.79,-0.36,-0.002,3.93
2023-07-19,0.549,0.558,0.558,0.546,5333519,293474978.4,2.16,0.36,0.002,5.21
2023-07-20,0.559,0.549,0.564,0.548,6187640,343946176.788,2.87,-1.61,-0.009,6.05
2023-07-21,0.548,0.552,0.558,0.546,4051138,223649680.334,2.19,0.55,0.003,3.96
2023-07-24,0.546,0.542,0.552,0.54,3947294,215420360.1,2.17,-1.81,-0.01,3.86
2023-07-25,0.563,0.569,0.569,0.56,6402709,361518775.96,1.66,4.98,0.027,6.26
2023-07-26,0.567,0.568,0.569,0.563,3713082,210102881.9,1.05,-0.18,-0.001,3.63
2023-07-27,0.577,0.58,0.585,0.575,6819298,396062968.883,1.76,2.11,0.012,6.66
2023-07-28,0.577,0.6,0.602,0.576,7991816,472770620.634,4.48,3.45,0.02,7.81
2023-07-31,0.619,0.616,0.629,0.612,8603946,534720390.938,2.83,2.67,0.016,8.41
2023-08-01,0.618,0.609,0.629,0.607,7679973,475077202.177,3.57,-1.14,-0.007,7.51
2023-08-02,0.608,0.592,0.614,0.591,7146647,429954135.586,3.78,-2.79,-0.017,6.98
2023-08-03,0.591,0.601,0.603,0.59,7968687,476188503.3,2.2,1.52,0.009,7.79
2023-08-04,0.609,0.604,0.614,0.6,8518432,517490396.5,2.33,0.5,0.003,8.32
2023-08-07,0.601,0.606,0.609,0.596,5635628,340595096.533,2.15,0.33,0.002,5.51
2023-08-08,0.598,0.594,0.602,0.591,6121398,365372087.5,1.82,-1.98,-0.012,5.98
2023-08-09,0.586,0.589,0.594,0.583,6730074,395633687.9,1.85,-0.84,-0.005,6.58
2023-08-10,0.587,0.591,0.592,0.583,5941534,348962428.8,1.53,0.34,0.002,5.81
2023-08-11,0.595,0.58,0.595,0.58,6325053,369846999.2,2.54,-1.86,-0.011,6.18
2023-08-14,0.568,0.57,0.571,0.564,7201284,408467939.344,1.21,-1.72,-0.01,7.04
2023-08-15,0.571,0.573,0.578,0.568,7440725,425782055.493,1.75,0.53,0.003,7.27
2023-08-16,0.566,0.563,0.572,0.562,6344356,359742100.3,1.75,-1.75,-0.01,6.2
2023-08-17,0.555,0.572,0.572,0.552,13990820,788896181.808,3.55,1.6,0.009,13.67
2023-08-18,0.565,0.548,0.567,0.548,8984006,500680313.12,3.32,-4.2,-0.024,8.78
2023-08-21,0.544,0.537,0.549,0.535,8600147,466339072.692,2.55,-2.01,-0.011,8.4
2023-08-22,0.542,0.548,0.552,0.534,11228146,608539754.084,3.35,2.05,0.011,10.97
2023-08-23,0.545,0.543,0.552,0.539,9871103,538045870.3,2.37,-0.91,-0.005,9.65
2023-08-24,0.55,0.562,0.565,0.549,13917521,774905193.474,2.95,3.5,0.019,13.6
2023-08-25,0.554,0.552,0.557,0.55,11364697,628684308.404,1.25,-1.78,-0.01,11.11
2023-08-28,0.577,0.561,0.585,0.56,14021064,795737629.852,4.53,1.63,0.009,13.7
2023-08-29,0.565,0.573,0.576,0.563,12800616,729616225.656,2.32,2.14,0.012,12.51
2023-08-30,0.58,0.569,0.584,0.569,11234870,647294942.916,2.62,-0.7,-0.004,10.98
2023-08-31,0.573,0.564,0.577,0.563,11481482,654994361.64,2.46,-0.88,-0.005,11.22
2023-09-01,0.567,0.567,0.568,0.564,2515086,142431344.613,0.71,0.53,0.003,2.46
2023-09-04,0.575,0.578,0.58,0.57,10120058,582431141.962,1.76,1.94,0.011,9.89
2023-09-05,0.576,0.568,0.577,0.566,7910148,452155102.434,1.9,-1.73,-0.01,7.73
2023-09-06,0.564,0.562,0.566,0.557,8695710,488231324.552,1.58,-1.06,-0.006,8.5
2023-09-07,0.564,0.553,0.565,0.553,8265284,460447743.679,2.14,-1.6,-0.009,8.08
2023-09-08,0.545,0.546,0.547,0.543,2312141,126001332.085,0.72,-1.27,-0.007,2.26
2023-09-11,0.542,0.548,0.551,0.54,10771174,586855208.9,2.01,0.37,0.002,10.53
2023-09-12,0.547,0.55,0.555,0.545,6254339,343706188.9,1.82,0.36,0.002,6.11
2023-09-13,0.551,0.546,0.552,0.543,5989299,327941428.12,1.64,-0.73,-0.004,5.85
2023-09-14,0.547,0.548,0.55,0.543,6161756,336562050.791,1.28,0.37,0.002,6.02
2023-09-15,0.549,0.55,0.555,0.543,8194488,450365055.904,2.19,0.36,0.002,8.01
2023-09-18,0.544,0.54,0.547,0.54,9589642,520480082.04,1.27,-1.82,-0.01,9.37
2023-09-19,0.539,0.536,0.54,0.532,6722990,359909067.707,1.48,-0.74,-0.004,6.57
2023-09-20,0.533,0.528,0.534,0.527,7000078,371382858.905,1.31,-1.49,-0.008,6.84
2023-09-21,0.523,0.517,0.525,0.516,7136444,370982440.882,1.7,-2.08,-0.011,6.97
2023-09-22,0.514,0.533,0.535,0.514,14233528,748869486.44,4.06,3.09,0.016,13.91
2023-09-25,0.532,0.522,0.533,0.522,6199221,326512055.66,2.06,-2.06,-0.011,6.06
2023-09-26,0.521,0.517,0.522,0.515,5219225,270420410.56,1.34,-0.96,-0.005,5.1
2023-09-27,0.516,0.518,0.524,0.516,5655162,294125480.5,1.55,0.19,0.001,5.53
2023-09-28,0.519,0.509,0.521,0.508,7167154,367612614.2,2.51,-1.74,-0.009,7.0
2023-10-09,0.513,0.516,0.518,0.51,5254279,270090483.06,1.57,1.38,0.007,5.13
2023-10-10,0.52,0.521,0.528,0.52,6234219,326412790.78,1.55,0.97,0.005,6.09
2023-10-11,0.532,0.532,0.535,0.528,6880182,365738312.0,1.34,2.11,0.011,6.72
2023-10-12,0.541,0.539,0.542,0.537,4068939,219502697.4,0.94,1.32,0.007,3.98
2023-10-13,0.525,0.525,0.53,0.521,5871891,308427568.1,1.67,-2.6,-0.014,5.74
2023-10-16,0.521,0.514,0.523,0.511,5536995,285855725.14,2.29,-2.1,-0.011,5.41
2023-10-17,0.518,0.517,0.519,0.514,4599177,237555741.0,0.97,0.58,0.003,4.49
2023-10-18,0.513,0.507,0.514,0.507,6557330,334388090.8,1.35,-1.93,-0.01,6.41
2023-10-19,0.499,0.498,0.503,0.497,5729105,286140111.1,1.18,-1.78,-0.009,5.6
2023-10-20,0.494,0.496,0.5,0.494,5284114,262934320.9,1.2,-0.4,-0.002,5.16
2023-10-23,0.492,0.488,0.493,0.486,3262072,159467884.3,1.41,-1.61,-0.008,3.19
2023-10-24,0.492,0.491,0.495,0.484,8557159,419300332.078,2.25,0.61,0.003,8.36
2023-10-25,0.509,0.5,0.511,0.498,9822739,496964601.5,2.65,1.83,0.009,9.6
2023-10-26,0.498,0.5,0.503,0.494,6211017,309430379.092,1.8,0.0,0.0,6.07
2023-10-27,0.503,0.512,0.515,0.501,9268253,471479552.764,2.8,2.4,0.012,9.06
2023-10-30,0.507,0.515,0.518,0.506,7467783,383619735.2,2.34,0.59,0.003,7.3
2023-10-31,0.514,0.507,0.514,0.504,6626153,337130951.1,1.94,-1.55,-0.008,6.48
2023-11-01,0.509,0.505,0.51,0.5,6853819,345489176.543,1.97,-0.39,-0.002,6.7
2023-11-02,0.513,0.51,0.52,0.51,8484931,436801226.06,1.98,0.99,0.005,8.29
2023-11-03,0.518,0.527,0.528,0.515,8892820,463548997.7,2.55,3.33,0.017,8.69
2023-11-06,0.537,0.546,0.548,0.536,9410162,511762012.443,2.28,3.61,0.019,9.2
2023-11-07,0.54,0.541,0.547,0.538,6995086,378979495.14,1.65,-0.92,-0.005,6.84
2023-11-08,0.539,0.538,0.546,0.536,8202931,444239006.4,1.85,-0.55,-0.003,8.02
2023-11-09,0.54,0.54,0.545,0.537,7312590,395451429.81,1.49,0.37,0.002,7.15
2023-11-10,0.53,0.524,0.532,0.523,7044808,371151376.8,1.67,-2.96,-0.016,6.88
2023-11-13,0.527,0.53,0.532,0.525,4945371,261411573.9,1.34,1.15,0.006,4.83
2023-11-14,0.538,0.533,0.539,0.53,5890351,314430590.348,1.7,0.57,0.003,5.76
2023-11-15,0.546,0.55,0.551,0.542,8379279,457163269.124,1.69,3.19,0.017,8.19
2023-11-16,0.556,0.544,0.556,0.538,9598297,522804020.548,3.27,-1.09,-0.006,9.38
2023-11-17,0.534,0.535,0.538,0.531,7604072,405934939.485,1.29,-1.65,-0.009,7.43
2023-11-20,0.539,0.543,0.545,0.535,9402436,508072052.7,1.87,1.5,0.008,9.19
2023-11-21,0.551,0.54,0.553,0.538,8678106,475203855.0,2.76,-0.55,-0.003,8.48
2023-11-22,0.537,0.535,0.542,0.534,6821595,366780213.194,1.48,-0.93,-0.005,6.67
2023-11-23,0.537,0.545,0.545,0.536,8414251,454711656.4,1.68,1.87,0.01,8.22
2023-11-24,0.542,0.539,0.544,0.538,4285017,231523615.8,1.1,-1.1,-0.006,4.19
2023-11-27,0.541,0.539,0.542,0.531,6848634,366593385.248,2.04,0.0,0.0,6.69
2023-11-28,0.536,0.535,0.54,0.532,6162283,330574477.375,1.48,-0.74,-0.004,6.02
2023-11-29,0.534,0.52,0.535,0.518,9261545,486119557.803,3.18,-2.8,-0.015,9.05
2023-11-30,0.52,0.52,0.522,0.513,8638107,447139549.72,1.73,0.0,0.0,8.44
2023-12-01,0.518,0.515,0.519,0.51,7296390,375220221.8,1.73,-0.96,-0.005,7.13
2023-12-04,0.515,0.501,0.516,0.501,9192375,465722430.563,2.91,-2.72,-0.014,8.98
2023-12-05,0.5,0.489,0.501,0.488,9821739,484833847.6,2.59,-2.4,-0.012,9.6
2023-12-06,0.492,0.5,0.505,0.491,11954851,596003089.1,2.86,2.25,0.011,11.68
2023-12-07,0.497,0.496,0.498,0.491,8388706,414442048.251,1.4,-0.8,-0.004,8.2
2023-12-08,0.497,0.496,0.502,0.492,10864276,538801992.06,2.02,0.0,0.0,10.62
2023-12-11,0.489,0.491,0.493,0.482,14089339,687052098.0,2.22,-1.01,-0.005,13.77
2023-12-12,0.492,0.5,0.5,0.49,8306462,412495247.694,2.04,1.83,0.009,8.12
2023-12-13,0.494,0.49,0.496,0.489,7681516,378936057.22,1.4,-2.0,-0.01,7.51
2023-12-14,0.497,0.493,0.501,0.492,8977258,445864277.6,1.84,0.61,0.003,8.77
2023-12-15,0.499,0.502,0.509,0.497,13410234,674610041.816,2.43,1.83,0.009,13.1
2023-12-18,0.498,0.496,0.501,0.495,8027223,399258209.3,1.2,-1.2,-0.006,7.84
2023-12-19,0.494,0.495,0.498,0.49,6493638,320915878.408,1.61,-0.2,-0.001,6.35
2023-12-20,0.5,0.497,0.502,0.495,7489017,373884196.476,1.41,0.4,0.002,7.32
2023-12-21,0.49,0.496,0.497,0.489,9473338,467045847.0,1.61,-0.2,-0.001,9.26
2023-12-22,0.499,0.472,0.503,0.471,18090625,875001815.919,6.45,-4.84,-0.024,17.68
2023-12-25,0.478,0.477,0.48,0.475,2798209,133442589.2,1.06,1.06,0.005,2.73
2023-12-26,0.476,0.475,0.477,0.474,1636552,77782560.725,0.63,-0.42,-0.002,1.6
2023-12-27,0.482,0.484,0.484,0.478,7520439,361654159.559,1.26,1.89,0.009,7.35
2023-12-28,0.484,0.499,0.503,0.483,9786988,483039480.717,4.13,3.1,0.015,9.56
2023-12-29,0.498,0.496,0.501,0.493,7678493,381090963.6,1.6,-0.6,-0.003,7.5
2024-01-02,0.502,0.492,0.503,0.491,6959350,344975637.9,2.42,-0.81,-0.004,6.8
2024-01-03,0.487,0.486,0.488,0.483,5393432,261900586.1,1.02,-1.22,-0.006,5.27
2024-01-04,0.488,0.487,0.489,0.483,4838687,234959129.026,1.23,0.21,0.001,4.73
2024-01-05,0.484,0.479,0.489,0.477,7222343,349303726.1,2.46,-1.64,-0.008,7.06
2024-01-08,0.477,0.464,0.478,0.464,6935630,324575185.1,2.92,-3.13,-0.015,6.78
2024-01-09,0.467,0.463,0.473,0.462,7998244,373808641.312,2.37,-0.22,-0.001,7.82
2024-01-10,0.46,0.456,0.465,0.456,6668489,306971923.043,1.94,-1.51,-0.007,6.52
2024-01-11,0.458,0.47,0.472,0.458,9866750,459456617.123,3.07,3.07,0.014,9.64
2024-01-12,0.464,0.464,0.471,0.462,6533019,304688292.267,1.91,-1.28,-0.006,6.38
2024-01-15,0.462,0.455,0.462,0.452,8495193,388164516.81,2.16,-1.94,-0.009,8.3
2024-01-16,0.45,0.446,0.457,0.443,9286265,417152561.5,3.08,-1.98,-0.009,9.07
2024-01-17,0.442,0.42,0.443,0.42,15015293,645450439.1,5.16,-5.83,-0.026,14.67
2024-01-18,0.423,0.428,0.429,0.418,14509838,615375087.3,2.62,1.9,0.008,14.18
2024-01-19,0.425,0.416,0.43,0.416,10734209,455031391.928,3.27,-2.8,-0.012,10.49
2024-01-22,0.42,0.404,0.423,0.4,11865538,487931931.274,5.53,-2.88,-0.012,11.6
2024-01-23,0.407,0.421,0.426,0.407,19682112,823394428.286,4.7,4.21,0.017,19.23
2024-01-24,0.429,0.43,0.434,0.418,18777457,801231978.8,3.8,2.14,0.009,18.35
2024-01-25,0.434,0.44,0.441,0.427,16272388,708922111.805,3.26,2.33,0.01,15.9
2024-01-26,0.436,0.426,0.437,0.422,13593306,585025471.2,3.41,-3.18,-0.014,13.28
2024-01-29,0.428,0.425,0.433,0.423,10832786,463992550.3,2.35,-0.23,-0.001,10.59
2024-01-30,0.417,0.413,0.421,0.411,9178402,381504233.0,2.35,-2.82,-0.012,8.97
2024-01-31,0.409,0.4,0.414,0.399,12528563,507671845.3,3.63,-3.15,-0.013,12.24
2024-02-01,0.403,0.408,0.416,0.4,16669802,681416043.191,4.0,2.0,0.008,16.29
2024-02-02,0.416,0.406,0.421,0.4,15172787,623421915.021,5.15,-0.49,-0.002,14.83
2024-02-05,0.399,0.406,0.412,0.398,18270620,739638354.22,3.45,0.0,0.0,17.85
2024-02-06,0.407,0.431,0.432,0.407,19041450,799441093.0,6.16,6.16,0.025,18.61
2024-02-07,0.435,0.423,0.44,0.421,18734088,807801041.267,4.41,-1.86,-0.008,18.31
2024-02-08,0.422,0.422,0.429,0.419,13026426,551832589.406,2.36,-0.24,-0.001,12.73
2024-02-19,0.436,0.434,0.438,0.429,9783196,423589897.552,2.13,2.84,0.012,9.56
2024-02-20,0.437,0.432,0.437,0.427,8125229,349752806.5,2.3,-0.46,-0.002,7.94
2024-02-21,0.429,0.448,0.454,0.428,15893736,706753426.988,6.02,3.7,0.016,15.53
2024-02-22,0.445,0.45,0.451,0.441,11532535,514750805.6,2.23,0.45,0.002,11.27
2024-02-23,0.45,0.453,0.458,0.447,11928851,538122861.232,2.44,0.67,0.003,11.66
2024-02-26,0.45,0.45,0.456,0.448,8746817,394789020.7,1.77,-0.66,-0.003,8.55
2024-02-27,0.454,0.459,0.459,0.448,13032367,591983205.2,2.44,2.0,0.009,12.74
2024-02-28,0.467,0.454,0.47,0.453,13187024,610554828.076,3.7,-1.09,-0.005,12.89
2024-02-29,0.449,0.458,0.46,0.449,15203409,691051168.958,2.42,0.88,0.004,14.86
2024-03-01,0.45,0.461,0.463,0.449,16099045,735746345.686,3.06,0.66,0.003,15.73
2024-03-04,0.462,0.457,0.464,0.455,11411272,524126348.888,1.95,-0.87,-0.004,11.15
2024-03-05,0.449,0.443,0.451,0.442,10576269,472020278.3,1.97,-3.06,-0.014,10.34
2024-03-06,0.442,0.45,0.457,0.441,13628329,611909126.788,3.61,1.58,0.007,13.32
2024-03-07,0.453,0.443,0.456,0.442,10061178,452599323.8,3.11,-1.56,-0.007,9.83
2024-03-08,0.446,0.451,0.453,0.445,9236218,415035351.7,1.81,1.81,0.008,9.03
2024-03-11,0.452,0.459,0.459,0.451,10040433,457923197.125,1.77,1.77,0.008,9.81
2024-03-12,0.464,0.479,0.48,0.461,16026681,754852318.698,4.14,4.36,0.02,15.66
2024-03-13,0.48,0.481,0.488,0.479,11801314,571168889.5,1.88,0.42,0.002,11.53
2024-03-14,0.483,0.473,0.487,0.471,9093606,435032758.681,3.33,-1.66,-0.008,8.89
2024-03-15,0.465,0.468,0.469,0.461,9407585,437038812.35,1.69,-1.06,-0.005,9.19
2024-03-18,0.467,0.476,0.476,0.465,12594018,593393292.2,2.35,1.71,0.008,12.31
2024-03-19,0.469,0.466,0.472,0.464,9120083,426522372.7,1.68,-2.1,-0.01,8.91
2024-03-20,0.468,0.47,0.471,0.463,8303620,388482453.8,1.72,0.86,0.004,8.11
2024-03-21,0.477,0.475,0.481,0.473,11751663,560452119.971,1.7,1.06,0.005,11.48
2024-03-22,0.467,0.459,0.469,0.456,12277276,565684176.324,2.74,-3.37,-0.016,12.0
2024-03-25,0.461,0.455,0.464,0.454,7232109,331311804.036,2.18,-0.87,-0.004,7.07
2024-03-26,0.459,0.462,0.463,0.455,8844838,405297749.702,1.76,1.54,0.007,8.64
2024-03-27,0.456,0.452,0.457,0.451,8842488,401430291.9,1.3,-2.16,-0.01,8.64
2024-03-28,0.452,0.462,0.468,0.452,11593818,533952871.1,3.54,2.21,0.01,11.33
2024-03-29,0.465,0.465,0.466,0.463,1995494,92701927.8,0.65,0.65,0.003,1.95
2024-04-01,0.466,0.472,0.472,0.465,3960300,186114924.9,1.51,1.51,0.007,3.87
2024-04-02,0.475,0.468,0.475,0.467,9710593,456679861.9,1.69,-0.85,-0.004,9.49
2024-04-03,0.469,0.46,0.47,0.46,6569125,304597407.7,2.14,-1.71,-0.008,6.42
2024-04-08,0.456,0.457,0.464,0.454,7123211,326857222.108,2.17,-0.65,-0.003,6.96
2024-04-09,0.459,0.462,0.466,0.458,7409516,342060647.2,1.75,1.09,0.005,7.24
2024-04-10,0.467,0.469,0.474,0.465,9827649,461302838.588,1.95,1.52,0.007,9.6
2024-04-11,0.461,0.469,0.471,0.46,8836072,411335179.732,2.35,0.0,0.0,8.63
2024-04-12,0.466,0.462,0.471,0.461,5523058,256783822.348,2.13,-1.49,-0.007,5.4
2024-04-15,0.456,0.457,0.459,0.45,11966905,545983826.2,1.95,-1.08,-0.005,11.69
2024-04-16,0.45,0.442,0.453,0.442,10806045,484402610.5,2.41,-3.28,-0.015,10.56
2024-04-17,0.444,0.445,0.449,0.442,7638082,339649923.5,1.58,0.68,0.003,7.46
2024-04-18,0.444,0.446,0.452,0.441,9821673,439422057.7,2.47,0.22,0.001,9.6
2024-04-19,0.442,0.436,0.443,0.432,9487945,414396262.6,2.47,-2.24,-0.01,9.27
2024-04-22,0.44,0.444,0.449,0.438,7852785,348990760.2,2.52,1.83,0.008,7.67
2024-04-23,0.45,0.456,0.457,0.447,8475122,382925570.2,2.25,2.7,0.012,8.28
2024-04-24,0.462,0.473,0.473,0.46,8368444,391001941.2,2.85,3.73,0.017,8.18
2024-04-25,0.472,0.47,0.479,0.467,10517674,496446170.8,2.54,-0.63,-0.003,10.28
2024-04-26,0.473,0.49,0.494,0.472,10803727,524721171.9,4.68,4.26,0.02,10.56
2024-04-29,0.494,0.49,0.503,0.49,12949646,641992628.79,2.65,0.0,0.0,12.65
2024-04-30,0.493,0.488,0.496,0.486,9289528,455631662.0,2.04,-0.41,-0.002,9.08
2024-05-06,0.52,0.529,0.529,0.518,12699181,664143019.107,2.25,8.4,0.041,12.41
2024-05-07,0.525,0.518,0.528,0.516,8457512,441260096.127,2.27,-2.08,-0.011,8.26
2024-05-08,0.517,0.512,0.524,0.51,10679760,553107771.81,2.7,-1.16,-0.006,10.44
2024-05-09,0.513,0.522,0.523,0.513,9449933,490894029.088,1.95,1.95,0.01,9.23
2024-05-10,0.526,0.522,0.53,0.517,11066790,578378353.156,2.49,0.0,0.0,10.81
2024-05-13,0.518,0.532,0.533,0.517,10267694,540703292.8,3.07,1.92,0.01,10.03
2024-05-14,0.54,0.537,0.545,0.536,9295729,501998322.7,1.69,0.94,0.005,9.08
2024-05-15,0.536,0.534,0.537,0.533,2172303,116126095.2,0.74,-0.56,-0.003,2.12
2024-05-16,0.541,0.54,0.542,0.533,9814392,528251927.99,1.69,1.12,0.006,9.59
2024-05-17,0.547,0.544,0.552,0.541,9565794,522326426.772,2.04,0.74,0.004,9.35
2024-05-20,0.547,0.548,0.551,0.546,7550263,414046997.371,0.92,0.74,0.004,7.38
2024-05-21,0.542,0.528,0.543,0.526,7617707,406816292.8,3.1,-3.65,-0.02,7.44
2024-05-22,0.53,0.531,0.535,0.525,8759059,465479570.886,1.89,0.57,0.003,8.56
2024-05-23,0.528,0.52,0.528,0.519,6122008,319687949.768,1.69,-2.07,-0.011,5.98
2024-05-24,0.515,0.504,0.519,0.503,9016797,459994507.032,3.08,-3.08,-0.016,8.81
2024-05-27,0.506,0.514,0.515,0.5,11159833,566034012.2,2.98,1.98,0.01,10.91
2024-05-28,0.514,0.511,0.521,0.51,8656426,446330890.5,2.14,-0.58,-0.003,8.46
2024-05-29,0.508,0.503,0.509,0.499,8027774,404409784.1,1.96,-1.57,-0.008,7.84
2024-05-30,0.499,0.499,0.508,0.498,8561289,429488059.998,1.99,-0.8,-0.004,8.37
2024-05-31,0.507,0.497,0.511,0.497,9572551,483221921.2,2.81,-0.4,-0.002,9.35
2024-06-03,0.5,0.504,0.508,0.498,7977673,402373435.2,2.01,1.41,0.007,7.8
2024-06-04,0.5,0.507,0.508,0.499,6359126,320739017.4,1.79,0.6,0.003,6.21
2024-06-05,0.506,0.506,0.515,0.505,7681870,392357913.8,1.97,-0.2,-0.001,7.51
2024-06-06,0.514,0.509,0.517,0.507,8829912,452095039.4,1.98,0.59,0.003,8.63
2024-06-07,0.513,0.503,0.514,0.501,8174870,414345650.932,2.55,-1.18,-0.006,7.99
2024-06-11,0.498,0.502,0.504,0.495,8205394,409196859.488,1.79,-0.2,-0.001,8.02
2024-06-12,0.499,0.495,0.503,0.494,10542698,524172628.0,1.79,-1.39,-0.007,10.3
2024-06-13,0.5,0.497,0.502,0.494,8992979,447489852.5,1.62,0.4,0.002,8.79
2024-06-14,0.498,0.497,0.499,0.494,8890706,441430231.7,1.01,0.0,0.0,8.69
2024-06-17,0.492,0.496,0.5,0.49,7448967,369365647.1,2.01,-0.2,-0.001,7.28
2024-06-18,0.498,0.496,0.502,0.494,7974018,397233687.8,1.61,0.0,0.0,7.79
2024-06-19,0.5,0.509,0.51,0.498,9021940,453803443.2,2.42,2.62,0.013,8.82
2024-06-20,0.511,0.504,0.513,0.502,7405285,375628186.8,2.16,-0.98,-0.005,7.24
2024-06-21,0.5,0.495,0.5,0.492,6947173,344639026.595,1.59,-1.79,-0.009,6.79
2024-06-24,0.492,0.486,0.493,0.486,5358624,262222184.1,1.41,-1.82,-0.009,5.24
2024-06-25,0.493,0.486,0.495,0.485,7176501,352315346.8,2.06,0.0,0.0,7.01
2024-06-26,0.487,0.494,0.496,0.486,7807582,383788007.8,2.06,1.65,0.008,7.63
2024-06-27,0.49,0.481,0.491,0.48,6837945,331503093.9,2.23,-2.63,-0.013,6.68
2024-06-28,0.477,0.478,0.485,0.476,7733429,371620757.477,1.87,-0.62,-0.003,7.56
2024-07-01,0.475,0.477,0.477,0.472,2636544,125088288.7,1.05,-0.21,-0.001,2.58
2024-07-02,0.475,0.476,0.484,0.474,6091028,291334454.5,2.1,-0.21,-0.001,5.95
2024-07-03,0.479,0.485,0.487,0.477,7699633,371164556.8,2.1,1.89,0.009,7.52
2024-07-04,0.492,0.489,0.496,0.486,6781788,332898729.0,2.06,0.82,0.004,6.63
2024-07-05,0.488,0.483,0.491,0.48,6421249,311034388.538,2.25,-1.23,-0.006,6.27
2024-07-08,0.481,0.477,0.485,0.475,4691007,225011734.6,2.07,-1.24,-0.006,4.58
2024-07-09,0.477,0.484,0.486,0.475,8320559,399905613.3,2.31,1.47,0.007,8.13
2024-07-10,0.488,0.484,0.493,0.482,7307910,356928371.0,2.27,0.0,0.0,7.14
2024-07-11,0.488,0.495,0.495,0.486,9073470,445584824.5,1.86,2.27,0.011,8.87
2024-07-12,0.501,0.505,0.506,0.499,7432621,373130858.4,1.41,2.02,0.01,7.26
2024-07-15,0.501,0.493,0.501,0.492,5286795,262309092.7,1.78,-2.38,-0.012,5.17
2024-07-16,0.488,0.49,0.49,0.485,6138853,299333262.8,1.01,-0.61,-0.003,6.0
2024-07-17,0.491,0.492,0.494,0.488,5535677,272211601.7,1.22,0.41,0.002,5.41
2024-07-18,0.486,0.489,0.489,0.482,5791313,281511259.5,1.42,-0.61,-0.003,5.66
2024-07-19,0.482,0.48,0.485,0.478,6235876,299669682.9,1.43,-1.84,-0.009,6.09
2024-07-22,0.481,0.487,0.488,0.478,6578212,318044297.8,2.08,1.46,0.007,6.43
2024-07-23,0.489,0.478,0.49,0.478,4797269,231757958.1,2.46,-1.85,-0.009,4.69
2024-07-24,0.478,0.469,0.481,0.469,5053175,240149857.0,2.51,-1.88,-0.009,4.94
2024-07-25,0.467,0.461,0.468,0.46,5849430,271394978.0,1.71,-1.71,-0.008,5.72
2024-07-26,0.464,0.466,0.468,0.461,5766648,267952619.364,1.52,1.08,0.005,5.64
2024-07-29,0.471,0.469,0.473,0.467,6317448,296775776.6,1.29,0.64,0.003,6.17
2024-07-30,0.467,0.461,0.467,0.46,4496815,208080409.7,1.49,-1.71,-0.008,4.39
2024-07-31,0.461,0.475,0.475,0.46,8775592,412524428.9,3.25,3.04,0.014,8.58
2024-08-01,0.472,0.469,0.473,0.468,5859649,275441534.9,1.05,-1.26,-0.006,5.73
2024-08-02,0.461,0.456,0.465,0.454,7411918,340202870.9,2.35,-2.77,-0.013,7.24
2024-08-05,0.45,0.445,0.461,0.442,10740491,484945296.1,4.17,-2.41,-0.011,10.5
2024-08-06,0.455,0.451,0.458,0.446,8589602,388210182.7,2.7,1.35,0.006,8.39
2024-08-07,0.453,0.455,0.46,0.451,10054377,458354986.5,2.0,0.89,0.004,9.83
2024-08-08,0.45,0.455,0.46,0.447,8526273,387093163.004,2.86,0.0,0.0,8.33
2024-08-09,0.462,0.46,0.467,0.46,8187680,378969181.1,1.54,1.1,0.005,8.0
2024-08-12,0.461,0.461,0.462,0.455,5596783,256803293.412,1.52,0.22,0.001,5.47
2024-08-13,0.461,0.461,0.464,0.457,6708014,308710157.8,1.52,0.0,0.0,6.56
2024-08-14,0.463,0.454,0.464,0.454,5850237,267964233.8,2.17,-1.52,-0.007,5.72
2024-08-15,0.452,0.454,0.461,0.45,10015025,455476478.0,2.42,0.0,0.0,9.79
2024-08-16,0.46,0.464,0.465,0.459,8705959,401983642.6,1.32,2.2,0.01,8.51
2024-08-19,0.47,0.471,0.477,0.469,6957987,329159584.7,1.72,1.51,0.007,6.8
2024-08-20,0.475,0.467,0.475,0.466,5098029,239321421.532,1.91,-0.85,-0.004,4.98
2024-08-21,0.458,0.459,0.46,0.453,6398550,292335185.043,1.5,-1.71,-0.008,6.25
2024-08-22,0.465,0.467,0.467,0.46,6263636,290411680.6,1.53,1.74,0.008,6.12
2024-08-23,0.462,0.462,0.464,0.46,4461907,206126251.5,0.86,-1.07,-0.005,4.36
2024-08-26,0.466,0.467,0.47,0.464,6315518,294809485.7,1.3,1.08,0.005,6.17
2024-08-27,0.461,0.466,0.467,0.459,6317316,292411443.2,1.71,-0.21,-0.001,6.17
2024-08-28,0.464,0.461,0.465,0.458,6276877,289332618.4,1.5,-1.07,-0.005,6.13
2024-08-29,0.454,0.461,0.462,0.45,7865077,358390996.4,2.6,0.0,0.0,7.69
2024-08-30,0.463,0.475,0.481,0.462,11531313,544517734.7,4.12,3.04,0.014,11.27
2024-09-02,0.47,0.463,0.471,0.463,6929857,323565698.0,1.68,-2.53,-0.012,6.77
2024-09-03,0.464,0.466,0.472,0.463,7948445,371366866.6,1.94,0.65,0.003,7.77
2024-09-04,0.461,0.462,0.466,0.459,5620654,259839230.7,1.5,-0.86,-0.004,5.49
2024-09-05,0.463,0.463,0.467,0.461,5676675,263298935.452,1.3,0.22,0.001,5.55
2024-09-06,0.464,0.459,0.465,0.459,2019334,93364770.0,1.3,-0.86,-0.004,1.97
2024-09-09,0.459,0.456,0.461,0.455,4694913,214721960.856,1.31,-0.65,-0.003,4.59
2024-09-10,0.46,0.461,0.463,0.455,7351677,337534315.4,1.75,1.1,0.005,7.18
2024-09-11,0.458,0.459,0.462,0.457,6425604,295000330.032,1.08,-0.43,-0.002,6.28
2024-09-12,0.464,0.466,0.469,0.464,7636138,356315478.1,1.09,1.53,0.007,7.46
2024-09-13,0.465,0.464,0.471,0.463,5755377,268739228.5,1.72,-0.43,-0.002,5.62
2024-09-18,0.47,0.472,0.472,0.468,3866355,181870916.6,0.86,1.72,0.008,3.78
2024-09-19,0.473,0.486,0.488,0.47,14780862,707752834.3,3.81,2.97,0.014,14.44
2024-09-20,0.486,0.489,0.496,0.483,13754588,675089434.74,2.67,0.62,0.003,13.44
2024-09-23,0.491,0.489,0.498,0.489,10272527,506886278.8,1.84,0.0,0.0,10.04
2024-09-24,0.503,0.516,0.516,0.497,18063991,914586963.5,3.89,5.52,0.027,17.65
2024-09-25,0.534,0.517,0.537,0.514,18324818,964543195.068,4.46,0.19,0.001,17.91
2024-09-26,0.524,0.552,0.552,0.521,23298653,1249121381.979,6.0,6.77,0.035,22.77
2024-09-27,0.569,0.584,0.599,0.568,43941229,2550587483.824,5.62,5.8,0.032,42.94
2024-09-30,0.62,0.642,0.642,0.598,36878837,2315745811.97,7.53,9.93,0.058,36.04
2024-10-08,0.706,0.656,0.706,0.62,77543722,5176698593.18,13.4,2.18,0.014,75.78
2024-10-09,0.655,0.61,0.661,0.608,63432555,4023515298.128,8.08,-7.01,-0.046,61.99
2024-10-10,0.628,0.626,0.643,0.621,49052844,3096996816.535,3.61,2.62,0.016,47.94
2024-10-11,0.624,0.606,0.625,0.601,13759530,845834394.928,3.83,-3.19,-0.02,13.45
2024-10-14,0.615,0.619,0.625,0.599,44464272,2724443172.856,4.29,2.15,0.013,43.45
2024-10-15,0.616,0.593,0.623,0.592,33629256,2059944054.25,5.01,-4.2,-0.026,32.86
2024-10-16,0.585,0.59,0.601,0.584,34864589,2065022712.1,2.87,-0.51,-0.003,34.07
2024-10-17,0.598,0.585,0.607,0.585,32461821,1938117341.542,3.73,-0.85,-0.005,31.72
2024-10-18,0.583,0.61,0.625,0.58,66649313,3995708644.27,7.69,4.27,0.025,65.13
2024-10-21,0.612,0.601,0.618,0.6,45087350,2746889967.676,2.95,-1.48,-0.009,44.06
2024-10-22,0.604,0.604,0.61,0.6,27482918,1664149660.106,1.66,0.5,0.003,26.86
2024-10-23,0.606,0.614,0.623,0.603,31433651,1930978956.758,3.31,1.66,0.01,30.72
2024-10-24,0.608,0.601,0.61,0.6,20307245,1228647336.151,1.63,-2.12,-0.013,19.84
2024-10-25,0.601,0.604,0.613,0.601,27320210,1656345380.802,2.0,0.5,0.003,26.7
2024-10-28,0.607,0.612,0.614,0.604,20240429,1234834651.668,1.66,1.32,0.008,19.78
2024-10-29,0.622,0.616,0.627,0.615,22674538,1408591682.3,1.96,0.65,0.004,22.16
2024-10-30,0.612,0.603,0.615,0.601,22481236,1365912677.5,2.27,-2.11,-0.013,21.97
2024-10-31,0.604,0.603,0.611,0.6,23245562,1407923414.208,1.82,0.0,0.0,22.72
2024-11-01,0.601,0.597,0.606,0.595,22630147,1355445619.7,1.82,-1.0,-0.006,22.11
2024-11-04,0.6,0.602,0.606,0.598,15878310,956327950.8,1.34,0.84,0.005,15.52
2024-11-05,0.598,0.618,0.619,0.598,25528047,1557628090.1,3.49,2.66,0.016,24.95
2024-11-06,0.618,0.61,0.622,0.605,28143361,1728759947.2,2.75,-1.29,-0.008,27.5
2024-11-07,0.608,0.625,0.625,0.605,27713157,1708801174.3,3.28,2.46,0.015,27.08
2024-11-08,0.639,0.628,0.648,0.626,28439093,1805854548.081,3.52,0.48,0.003,27.79
2024-11-11,0.61,0.625,0.627,0.609,24026372,1484526459.128,2.87,-0.48,-0.003,23.48
2024-11-12,0.623,0.606,0.632,0.604,26803955,1656921713.77,4.48,-3.04,-0.019,26.19
2024-11-13,0.599,0.6,0.602,0.593,20903089,1248627045.5,1.49,-0.99,-0.006,20.43
2024-11-14,0.595,0.585,0.604,0.583,20326353,1209931214.2,3.5,-2.5,-0.015,19.86
2024-11-15,0.587,0.586,0.595,0.582,21402984,1262882270.4,2.22,0.17,0.001,20.92
2024-11-18,0.593,0.589,0.596,0.585,17788667,1050359063.6,1.88,0.51,0.003,17.38
2024-11-19,0.594,0.595,0.597,0.588,14976489,888551349.2,1.53,1.02,0.006,14.64
2024-11-20,0.592,0.596,0.6,0.591,14697533,874166485.375,1.51,0.17,0.001,14.36
2024-11-21,0.595,0.591,0.597,0.59,12677012,752739963.791,1.17,-0.84,-0.005,12.39
2024-11-22,0.591,0.574,0.595,0.574,15976699,938097795.379,3.55,-2.88,-0.017,15.61
2024-11-25,0.578,0.572,0.58,0.568,13929339,799052472.625,2.09,-0.35,-0.002,13.61
2024-11-26,0.57,0.572,0.577,0.57,12503537,717604629.7,1.22,0.0,0.0,12.22
2024-11-27,0.573,0.586,0.586,0.569,16286307,937474161.6,2.97,2.45,0.014,15.92
2024-11-28,0.59,0.582,0.591,0.581,12584717,737102642.7,1.71,-0.68,-0.004,12.3
2024-11-29,0.584,0.586,0.598,0.582,21109823,1240653671.57,2.75,0.69,0.004,20.63
2024-12-02,0.588,0.594,0.598,0.587,14368727,852261172.7,1.88,1.37,0.008,14.04
2024-12-03,0.597,0.595,0.599,0.588,13816286,820990065.3,1.85,0.17,0.001,13.5
2024-12-04,0.596,0.594,0.6,0.592,11463747,682862877.898,1.34,-0.17,-0.001,11.2
2024-12-05,0.589,0.589,0.592,0.587,8638027,509329805.9,0.84,-0.84,-0.005,8.44
2024-12-06,0.592,0.599,0.601,0.588,14387343,856347795.4,2.21,1.7,0.01,14.06
2024-12-09,0.597,0.6,0.605,0.595,9978953,598502039.2,1.67,0.17,0.001,9.75
2024-12-10,0.64,0.618,0.646,0.617,26643673,1680658946.744,4.83,3.0,0.018,26.04
2024-12-11,0.62,0.61,0.623,0.608,12021947,740878057.92,2.43,-1.29,-0.008,11.75
2024-12-12,0.612,0.622,0.625,0.608,17409173,1072934898.166,2.79,1.97,0.012,17.01
2024-12-13,0.613,0.604,0.615,0.603,14886438,905686665.47,1.93,-2.89,-0.018,14.55
2024-12-16,0.604,0.594,0.606,0.592,11327194,678257238.6,2.32,-1.66,-0.01,11.07
2024-12-17,0.592,0.593,0.603,0.588,14958133,888475201.4,2.53,-0.17,-0.001,14.62
2024-12-18,0.599,0.601,0.604,0.597,10349020,620924702.3,1.18,1.35,0.008,10.11
2024-12-19,0.594,0.601,0.601,0.592,12966084,772398471.4,1.5,0.0,0.0,12.67
2024-12-20,0.598,0.6,0.604,0.597,13007740,781054554.234,1.16,-0.17,-0.001,12.71
2024-12-23,0.602,0.6,0.605,0.597,11615913,697424696.61,1.33,0.0,0.0,11.35
2024-12-24,0.601,0.608,0.608,0.6,10600156,641008364.459,1.33,1.33,0.008,10.36
2024-12-25,0.608,0.607,0.61,0.606,3239069,196969558.3,0.66,-0.16,-0.001,3.17
2024-12-26,0.608,0.607,0.609,0.606,2967896,180209078.8,0.49,0.0,0.0,2.9
2024-12-27,0.609,0.609,0.615,0.608,12429913,759227577.175,1.15,0.33,0.002,12.15
2024-12-30,0.611,0.608,0.613,0.604,10376070,630558633.3,1.48,-0.16,-0.001,10.14
2024-12-31,0.603,0.595,0.606,0.595,9070211,546414641.904,1.81,-2.14,-0.013,8.86
2025-01-02,0.595,0.587,0.598,0.585,14331858,847968021.018,2.18,-1.34,-0.008,14.01
2025-01-03,0.59,0.59,0.599,0.584,14407973,852475406.876,2.56,0.51,0.003,14.08
2025-01-06,0.596,0.592,0.6,0.59,10840381,644789639.9,1.69,0.34,0.002,10.59
2025-01-07,0.587,0.584,0.594,0.578,14452175,846080632.2,2.7,-1.35,-0.008,14.12
2025-01-08,0.587,0.581,0.59,0.576,14711405,857418436.3,2.4,-0.51,-0.003,14.38
2025-01-09,0.581,0.584,0.589,0.58,11512902,672819579.3,1.55,0.52,0.003,11.25
2025-01-10,0.584,0.576,0.589,0.576,11147532,649403949.9,2.23,-1.37,-0.008,10.89
2025-01-13,0.572,0.57,0.574,0.565,9372351,533951997.6,1.56,-1.04,-0.006,9.16
2025-01-14,0.573,0.589,0.592,0.572,15276256,889682131.1,3.51,3.33,0.019,14.93
2025-01-15,0.586,0.589,0.593,0.583,9082117,533674012.6,1.7,0.0,0.0,8.88
2025-01-16,0.596,0.596,0.606,0.589,13523564,808500590.2,2.89,1.19,0.007,13.22
2025-01-17,0.594,0.602,0.604,0.592,10863821,650747079.7,2.01,1.01,0.006,10.62
2025-01-20,0.612,0.617,0.623,0.611,14870614,917489048.434,1.99,2.49,0.015,14.53
2025-01-21,0.622,0.627,0.632,0.617,14789239,922751991.912,2.43,1.62,0.01,14.45
2025-01-22,0.622,0.612,0.625,0.611,11884413,732734078.3,2.23,-2.39,-0.015,11.61
2025-01-23,0.618,0.604,0.624,0.603,17159553,1054500631.74,3.43,-1.31,-0.008,16.77
2025-01-24,0.608,0.622,0.624,0.607,15252767,941823295.545,2.81,2.98,0.018,14.91
2025-01-27,0.629,0.629,0.635,0.627,11208125,707062572.665,1.29,1.13,0.007,10.95
2025-02-05,0.661,0.658,0.666,0.65,19278346,1268120388.584,2.54,4.61,0.029,18.84
2025-02-06,0.659,0.674,0.675,0.658,15512451,1033814734.3,2.58,2.43,0.016,15.16
2025-02-07,0.676,0.691,0.697,0.675,25411188,1747800062.412,3.26,2.52,0.017,24.83
2025-02-10,0.696,0.706,0.709,0.696,22383995,1573293595.2,1.88,2.17,0.015,21.87
2025-02-11,0.71,0.694,0.711,0.692,18908900,1323312799.484,2.69,-1.7,-0.012,18.48
2025-02-12,0.698,0.707,0.709,0.692,26956363,1891252083.146,2.45,1.87,0.013,26.34
2025-02-13,0.713,0.716,0.737,0.71,31373851,2265358626.621,3.82,1.27,0.009,30.66
2025-02-14,0.712,0.732,0.732,0.711,30956315,2232123001.83,2.93,2.23,0.016,30.25
2025-02-17,0.751,0.742,0.76,0.727,31349045,2331960376.455,4.51,1.37,0.01,30.63
2025-02-18,0.742,0.75,0.766,0.74,31675343,2382027029.778,3.5,1.08,0.008,30.95
2025-02-19,0.747,0.763,0.764,0.742,24358842,1844307280.496,2.93,1.73,0.013,23.8
2025-02-20,0.754,0.742,0.761,0.736,22568656,1685334517.585,3.28,-2.75,-0.021,22.05
2025-02-21,0.759,0.779,0.78,0.753,25641050,1966339578.231,3.64,4.99,0.037,25.06
2025-02-24,0.78,0.784,0.794,0.771,25889158,2027667433.815,2.95,0.64,0.005,25.3
2025-02-25,0.753,0.767,0.783,0.749,28880692,2222298056.884,4.34,-2.17,-0.017,28.22
2025-02-26,0.778,0.808,0.809,0.776,28803713,2289549999.655,4.3,5.35,0.041,28.15
2025-02-27,0.809,0.801,0.824,0.781,42640120,3422357709.265,5.32,-0.87,-0.007,41.67
2025-02-28,0.798,0.75,0.799,0.748,40118408,3077110477.866,6.37,-6.37,-0.051,39.2
2025-03-03,0.76,0.743,0.769,0.737,34624808,2619257207.335,4.27,-0.93,-0.007,33.84
2025-03-04,0.729,0.75,0.755,0.724,39183303,2902120184.7,4.17,0.94,0.007,38.29
2025-03-05,0.756,0.771,0.772,0.752,35542859,2709139631.941,2.67,2.8,0.021,34.73
2025-03-06,0.795,0.812,0.817,0.795,35548784,2864666885.336,2.85,5.32,0.041,34.74
2025-03-07,0.806,0.808,0.834,0.8,47236281,3857273370.3,4.19,-0.49,-0.004,46.16
2025-03-10,0.808,0.793,0.818,0.785,36371262,2903443981.979,4.08,-1.86,-0.015,35.54
2025-03-11,0.776,0.795,0.803,0.771,42571587,3363613023.759,4.04,0.25,0.002,41.6
2025-03-12,0.814,0.784,0.815,0.783,33599186,2687010533.412,4.03,-1.38,-0.011,32.83
2025-03-13,0.789,0.77,0.792,0.761,30785355,2384049771.8,3.95,-1.79,-0.014,30.08
2025-03-14,0.782,0.791,0.795,0.77,38959580,3055376812.704,3.25,2.73,0.021,38.07
2025-03-17,0.795,0.79,0.797,0.783,21590447,1706420212.492,1.77,-0.13,-0.001,21.1
2025-03-18,0.807,0.812,0.814,0.802,27888512,2254079806.478,1.52,2.78,0.022,27.25
2025-03-19,0.81,0.811,0.817,0.802,21613231,1748664842.233,1.85,-0.12,-0.001,21.12
2025-03-20,0.805,0.787,0.806,0.786,24123874,1919430235.63,2.47,-2.96,-0.024,23.57
2025-03-21,0.78,0.762,0.789,0.757,26423297,2038441212.4,4.07,-3.18,-0.025,25.82
2025-03-24,0.762,0.764,0.767,0.755,19537153,1485754950.0,1.57,0.26,0.002,19.09
2025-03-25,0.759,0.744,0.766,0.743,19124429,1438793776.0,3.01,-2.62,-0.02,18.69
2025-03-26,0.747,0.749,0.757,0.746,18038339,1353644187.7,1.48,0.67,0.005,17.63
2025-03-27,0.753,0.757,0.769,0.742,25677235,1943226276.89,3.6,1.07,0.008,25.09
2025-03-28,0.759,0.743,0.762,0.738,21474706,1609635295.0,3.17,-1.85,-0.014,20.99
2025-03-31,0.736,0.729,0.739,0.722,18065600,1318306075.372,2.29,-1.88,-0.014,17.65
2025-04-01,0.735,0.735,0.744,0.731,25284607,1862499650.7,1.78,0.82,0.006,24.71
2025-04-02,0.73,0.734,0.744,0.727,21601391,1588031592.22,2.31,-0.14,-0.001,21.11
2025-04-03,0.72,0.72,0.73,0.714,25106674,1813097603.746,2.18,-1.91,-0.014,24.53
2025-04-07,0.658,0.648,0.674,0.648,23216897,1516268971.399,3.61,-10.0,-0.072,22.69
2025-04-08,0.642,0.618,0.65,0.603,57771412,3600729278.476,7.25,-4.63,-0.03,56.46
2025-04-09,0.596,0.631,0.64,0.589,74513902,4636221926.101,8.25,2.1,0.013,72.82
2025-04-10,0.665,0.66,0.685,0.656,60098931,4015915669.9,4.6,4.6,0.029,58.73
2025-04-11,0.653,0.67,0.679,0.645,58326902,3879980823.1,5.15,1.52,0.01,57.0
2025-04-14,0.686,0.677,0.69,0.676,38339803,2620566131.2,2.09,1.04,0.007,37.47
2025-04-15,0.683,0.674,0.686,0.67,27026201,1826111216.5,2.36,-0.44,-0.003,26.41
2025-04-16,0.667,0.656,0.669,0.648,26203840,1720862925.6,3.12,-2.67,-0.018,25.61
2025-04-17,0.653,0.661,0.669,0.651,31647880,2095749909.2,2.74,0.76,0.005,30.93
2025-04-18,0.656,0.657,0.658,0.654,7097242,465677642.2,0.61,-0.61,-0.004,6.94
2025-04-21,0.655,0.665,0.665,0.654,7384985,487270962.4,1.67,1.22,0.008,7.22
2025-04-22,0.664,0.665,0.67,0.656,28551415,1893385403.1,2.11,0.0,0.0,27.9
2025-04-23,0.689,0.686,0.69,0.678,27755296,1896750327.6,1.8,3.16,0.021,27.12
2025-04-24,0.685,0.673,0.688,0.67,24475585,1660419084.5,2.62,-1.9,-0.013,23.92
2025-04-25,0.681,0.681,0.69,0.678,27382242,1872051484.3,1.78,1.19,0.008,26.76
2025-04-28,0.68,0.68,0.682,0.674,16947997,1149456350.1,1.17,-0.15,-0.001,16.56
2025-04-29,0.68,0.679,0.689,0.676,21065701,1436511762.4,1.91,-0.15,-0.001,20.59
2025-04-30,0.68,0.685,0.687,0.677,22682676,1548991595.7,1.47,0.88,0.006,22.17
2025-05-06,0.702,0.707,0.707,0.698,29639785,2082854640.06,1.31,3.21,0.022,28.96
2025-05-07,0.722,0.705,0.726,0.702,33237398,2371740119.31,3.39,-0.28,-0.002,32.48
2025-05-08,0.7,0.703,0.712,0.698,25512892,1800580416.1,1.99,-0.28,-0.002,24.93
2025-05-09,0.703,0.695,0.704,0.691,22075985,1539048919.3,1.85,-1.14,-0.008,21.57
